model,avg_personalization_score,avg_product_relevance_score,avg_combined_score,avg_word_count,sample_count
ChatGPT,0.2333333333333333,0.20338383838383836,0.21835858585858584,70.96,50
Claude,0.14666666666666667,0.042929292929292935,0.0947979797979798,60.16,50
Gemini,0.19333333333333333,0.05545454545454546,0.12439393939393939,54.8,50
